Generation,r1,r2,r3,r4,r5,r6,r7,r8,r9,r10,r11,r12,r13,r14,r15,r16,r17,r18,r19,r20,r21,r22,r23,r24,r25,r26,r27,r28,r29,r30,r31,r32,r33,r34,r35,r36,r37,r38,r39,r40,r41,r42,r43,r44,r45,r46,r47,r48,r49,r50,r51,r52,r53,r54,r55,r56,r57,r58,r59,r60,r61,r62,r63,r64,r65,r66,r67,r68,r69,r70,r71,r72,r73,r74,r75,r76,r77,r78,r79,r80,r81,r82,r83,r84,r85,r86,r87,r88,r89,r90,r91,r92,r93,r94,r95,r96,r97,r98,r99,r100
0,10000.0,10000.0,10000.0,10000.0,10000.0,10000.0,10000.0,10000.0,10000.0,10000.0,10000.0,10000.0,10000.0,10000.0,10000.0,10000.0,10000.0,10000.0,10000.0,10000.0,10000.0,10000.0,10000.0,10000.0,10000.0,10000.0,10000.0,10000.0,10000.0,10000.0,10000.0,10000.0,10000.0,10000.0,10000.0,10000.0,10000.0,10000.0,10000.0,10000.0,10000.0,10000.0,10000.0,10000.0,10000.0,10000.0,10000.0,10000.0,10000.0,10000.0,10000.0,10000.0,10000.0,10000.0,10000.0,10000.0,10000.0,10000.0,10000.0,10000.0,10000.0,10000.0,10000.0,10000.0,10000.0,10000.0,10000.0,10000.0,10000.0,10000.0,10000.0,10000.0,10000.0,10000.0,10000.0,10000.0,10000.0,10000.0,10000.0,10000.0,10000.0,10000.0,10000.0,10000.0,10000.0,10000.0,10000.0,10000.0,10000.0,10000.0,10000.0,10000.0,10000.0,10000.0,10000.0,10000.0,10000.0,10000.0,10000.0,10000.0
1000,10023.4,9994.31,9991.82,9974.48,10027.2,10023.5,10012.8,10004.9,10012.2,9995.16,10007.9,9997.09,10033.8,10038.9,10018.6,10025.2,9997.09,10009.6,9997.09,10009.2,10005.9,9999.12,10024.5,10013.2,10011.7,10002.4,10002.2,9971.65,10013.0,9996.68,9987.61,10012.2,10019.0,9980.57,10043.3,9997.35,9949.62,9987.76,9992.51,9998.39,9995.15,9999.29,10012.6,10009.0,9972.18,9987.14,9992.61,10008.6,10027.6,10042.3,9975.37,10010.5,9991.17,9991.42,10011.9,9981.59,9991.02,10017.9,10012.9,9959.06,10004.3,9971.18,9996.6,9999.43,10012.2,9977.6,10022.6,9990.81,9987.48,9985.77,9984.17,10003.9,9985.2,10010.8,9991.59,9987.25,10007.2,10000.9,10017.9,10022.1,10013.0,10005.4,10014.8,10012.7,10039.2,9989.23,9983.34,10006.7,10004.1,9982.72,10022.4,10001.7,10008.9,9994.06,10016.7,9990.88,10005.5,10015.3,9989.77,10008.1
2000,10004.9,10025.4,9994.25,9971.01,10041.8,10021.4,9963.37,10009.2,10007.1,10026.9,10038.1,10069.9,10039.3,10034.5,10006.8,9964.99,9982.12,9997.77,9967.3,10065.1,10036.4,9999.25,10064.0,10038.6,9989.25,9925.4,9991.61,9970.64,9953.01,10044.6,9988.83,9994.0,10039.7,9978.4,10079.3,9959.68,9991.15,10040.4,10037.2,10022.9,9990.08,9973.08,10035.2,9969.37,9960.36,9989.24,10004.2,10004.5,10044.1,10039.6,9959.84,10049.7,10011.3,9976.32,9941.1,9999.38,10053.5,9994.34,9990.77,9933.72,9972.28,9985.96,9973.6,9964.44,10018.9,9922.25,10010.6,9995.32,9966.9,9966.63,9940.69,9986.61,10000.8,10017.8,10019.9,10002.1,10035.2,10017.7,10027.8,10027.4,9962.57,9993.22,9973.6,9998.82,10001.6,9965.55,10003.8,9961.06,10010.9,9963.42,10033.5,10022.3,10000.1,10020.7,10042.8,9972.67,10018.6,10036.0,10010.1,9996.66
3000,10059.7,9978.33,9966.56,9968.04,10039.8,10053.4,9972.73,9986.41,10019.5,10040.9,10021.5,10042.6,10067.2,10011.9,9976.55,9961.64,9972.75,10011.9,9936.03,10083.7,10052.4,9995.15,10112.7,10053.0,9984.09,9946.95,10089.1,9917.29,9931.38,10073.0,9985.24,10012.7,10116.2,9958.18,10044.4,9934.04,9996.59,10052.9,10007.5,10038.0,10013.3,9978.87,10019.5,9960.54,9985.36,9975.13,10019.6,10062.9,9971.24,10093.1,9921.5,9961.78,10038.3,9947.51,9994.7,9976.04,10111.3,9974.16,10001.5,9944.2,9985.82,10004.7,9976.64,10072.7,9991.6,9941.77,10043.8,9955.08,9915.59,9997.54,9961.52,9994.47,10002.6,10049.9,9997.47,9984.24,10070.3,10036.9,10049.5,10096.2,9934.97,9986.22,9957.5,10018.1,9993.27,9982.8,10007.1,9942.22,10024.1,9950.9,10075.3,10021.4,9978.55,10038.8,10064.0,9963.54,10031.7,10047.1,10006.7,9972.82
4000,10076.6,9996.58,9904.97,9939.82,10004.5,9986.4,9965.45,9990.04,10027.4,10025.2,9984.19,10030.6,10097.2,9963.79,9941.74,9983.33,9997.07,9970.99,9958.55,10046.0,10068.2,9970.58,10183.0,10119.3,10005.7,9932.38,10092.7,9942.73,9932.27,10035.1,9954.71,9963.12,10102.1,9951.33,10033.0,9930.05,9982.13,10058.7,10003.9,10043.8,10020.8,9963.62,9992.67,9937.69,9982.87,10045.5,10030.5,10075.9,9987.11,10104.0,9982.44,9924.77,10019.5,9954.95,9980.64,9964.9,10145.7,9961.06,10054.1,9972.48,9953.32,10016.2,9977.63,10091.4,9999.09,9947.68,9940.37,9979.23,9886.79,10003.2,9958.38,10024.0,10001.1,10046.5,10003.1,9948.82,10101.7,10011.4,10057.6,10083.3,9928.69,10014.9,9941.45,10037.7,9950.63,10003.5,10044.0,9936.55,10029.3,9984.78,10065.0,10024.7,9956.78,10038.7,10076.0,9989.87,10048.2,10020.6,10060.6,9966.01
5000,10057.1,10007.5,9915.99,9939.14,10026.3,9948.86,9976.52,9922.98,10059.5,10075.7,9948.51,10037.7,10046.3,9941.45,9966.51,9947.81,10013.2,9959.49,9959.66,10047.4,10063.2,9988.85,10161.4,10131.3,10005.5,9929.08,10092.8,9970.01,9961.26,10049.1,9903.0,10051.4,10135.3,9946.31,10037.2,9898.19,9953.03,10038.8,10033.3,10065.9,10019.7,9959.98,9952.14,9974.2,9968.52,10037.8,9998.2,10134.6,10014.2,10073.9,9968.54,9912.4,10000.9,9929.33,9983.36,9940.08,10145.4,10012.7,10042.2,9969.68,9946.07,9988.93,9993.33,10043.1,9958.77,9927.9,10015.0,10007.8,9863.47,9975.31,9966.33,9976.48,10007.8,10048.5,9999.77,9940.94,10054.4,10005.3,10048.4,10067.2,9949.76,9999.7,9909.96,10051.4,9930.93,10050.6,10056.4,9914.41,9987.43,9960.11,10056.1,9970.89,9928.35,9992.07,10038.8,10027.6,10016.4,9970.47,10118.2,9988.34
6000,10018.9,9984.92,9930.58,9914.27,10022.4,9970.86,9997.71,9900.01,10097.0,10060.9,9944.31,10024.6,10092.7,9884.58,9951.59,9953.46,9971.5,9966.74,9944.38,10053.4,10084.6,9964.35,10173.7,10141.9,10067.6,9956.17,10089.2,9964.67,9963.46,10100.7,9924.4,10032.2,10165.1,9918.54,10024.9,9915.02,9957.11,10044.8,10028.2,10048.2,10008.6,9945.19,9915.83,9993.71,10002.4,10031.6,10005.4,10190.1,10043.9,10067.2,9911.88,9891.91,9986.71,9889.09,9989.58,9912.31,10172.0,10062.7,10009.8,9952.25,9977.99,9982.51,9958.75,10015.2,9962.22,9929.24,10052.1,9969.84,9849.35,10004.9,9955.03,10032.0,10033.8,10040.8,9962.31,9954.0,10069.1,9998.76,10050.9,10104.7,9901.52,10038.1,9889.39,10057.4,9972.89,10058.8,10048.8,9949.17,10004.3,9943.88,10093.0,9981.22,9965.67,9950.95,10050.4,10010.3,10035.8,9918.03,10163.9,9976.61
7000,10017.3,9998.1,9875.39,9937.88,10026.4,9987.23,9988.8,9923.85,10080.1,10069.0,9939.07,10048.6,10108.2,9921.91,9975.35,9939.68,9990.25,10024.8,9923.28,10048.5,10097.5,9963.83,10185.2,10144.2,10056.9,9969.29,10065.8,9949.14,9996.99,10102.1,9930.2,10084.5,10212.5,9906.96,10021.5,9985.96,9962.62,10039.6,10045.9,10079.8,10028.8,9933.55,9877.77,10007.0,10016.1,10030.6,9989.11,10188.7,10065.0,10088.3,9947.28,9888.04,10001.9,9915.19,10015.8,9918.95,10182.4,10075.1,10016.6,9985.61,9947.67,10044.3,9913.43,10019.9,9962.88,9922.53,10087.6,9938.89,9842.69,10044.3,10008.8,10034.4,10045.3,10049.2,9954.36,9937.91,10109.8,9989.55,10014.6,10091.7,9939.65,9983.08,9886.85,10012.2,10003.7,10064.4,10073.2,9943.71,9975.8,9941.57,10139.9,9978.05,9976.11,9934.1,10065.1,10014.5,10004.0,9892.76,10181.4,10025.5
8000,9991.12,10009.7,9886.12,9960.32,10022.9,9983.76,9989.56,9914.88,10097.2,10055.4,10011.9,10070.2,10108.8,9929.81,10001.6,9897.81,10013.1,10035.5,9948.52,10044.9,10131.3,9894.14,10183.3,10162.3,10024.9,9981.38,10075.2,9937.94,9980.45,10100.7,9940.34,10089.3,10258.0,9900.16,10011.3,9939.42,9940.49,10079.5,10007.8,10055.3,10007.6,9966.8,9840.09,10024.9,10022.9,9982.22,9961.33,10230.6,10050.2,10132.1,9970.8,9893.83,9989.71,9918.27,10026.5,9947.26,10177.5,10095.9,10010.0,10008.2,9968.06,9957.45,9939.21,9995.93,9901.79,9914.45,10101.8,9953.55,9837.06,10075.7,10067.4,10026.0,10036.6,10034.1,10010.9,10002.4,10023.4,9978.72,10029.2,10097.2,9954.13,9968.09,9892.81,9976.82,10022.4,10006.0,10075.4,9950.75,9938.09,9963.4,10123.6,9983.13,9986.16,9928.51,10074.5,9989.47,9960.95,9919.68,10151.7,9930.83
9000,9975.26,10013.4,9905.93,9945.71,10050.2,9981.62,9964.21,9911.82,10089.2,10071.2,10004.2,10052.6,10026.9,9869.5,9979.26,9894.07,9999.47,9976.56,9966.86,10029.7,10164.0,9883.61,10224.1,10177.3,9991.58,10050.0,10074.0,9915.1,9997.21,10075.8,9935.92,10089.5,10266.6,9891.1,10036.5,9919.87,9924.11,10114.2,10060.2,10101.7,10033.8,9973.37,9827.62,9977.84,10057.8,9972.13,9973.38,10256.1,10035.7,10160.7,9957.71,9878.78,9993.1,9883.27,10013.3,9938.55,10165.9,10154.1,9986.35,10062.4,9996.47,9977.02,9921.71,10029.7,9894.44,9933.72,10094.7,9937.42,9868.53,10048.0,10075.6,10039.3,10046.3,10065.3,9988.03,10039.2,10006.2,9991.49,10000.4,10059.6,9944.78,9953.76,9932.71,9989.14,10007.7,9944.49,10064.8,9934.56,9918.06,9966.55,10101.6,9925.25,9973.97,9945.09,10039.7,9958.52,9970.34,9927.03,10102.1,9909.79
10000,10034.8,10022.7,9872.78,9962.57,10011.9,10022.1,9978.82,9811.25,10093.1,10095.4,10049.0,10058.3,10049.5,9897.29,9995.99,9896.99,9985.91,10000.8,9943.39,10109.6,10189.2,9856.99,10146.3,10202.3,10048.1,10034.5,10050.1,9911.17,10005.2,10080.1,9918.22,10098.0,10278.0,9853.11,10051.4,9889.85,9920.57,10127.9,10042.8,10086.4,10007.8,9943.83,9795.2,9967.73,10066.6,9938.59,10004.6,10205.5,10062.1,10194.7,9933.51,9885.13,10002.7,9902.04,10009.7,9980.19,10122.7,10082.8,9994.46,10055.4,10013.9,9972.3,9930.52,10021.9,9911.75,9940.28,10138.6,9951.58,9893.17,10043.4,10088.7,9982.28,10074.3,10092.9,9961.41,10079.9,10068.9,9971.03,10012.9,10074.2,9938.6,9936.16,9956.31,9984.85,10041.8,9957.48,10033.5,9959.23,9895.93,9970.75,10101.9,9891.14,9973.18,9915.02,10026.8,9952.42,9986.55,9974.88,10079.1,9907.82
11000,10034.0,10078.4,9874.65,9955.33,9998.53,10035.6,9959.15,9803.55,10049.3,10125.0,10042.2,10078.9,10053.4,9860.29,9986.3,9916.17,9963.0,10033.4,9939.85,10087.9,10187.8,9907.4,10104.4,10171.3,10056.1,10056.2,10039.3,9903.47,10034.1,10048.7,10017.8,10126.1,10316.7,9851.36,10042.7,9896.1,9945.92,10097.4,10026.3,10119.7,10043.3,9976.69,9842.3,9957.6,10030.8,9927.01,9998.65,10203.5,10083.9,10192.0,9934.67,9876.73,10026.8,9914.38,10029.3,9970.86,10056.4,10049.1,9980.31,10096.4,9947.62,9962.56,9912.83,10039.4,9919.44,9923.06,10147.4,9997.52,9875.25,10036.3,10059.0,9961.01,10043.2,10137.3,9969.27,10080.5,10119.9,9975.22,10043.9,10087.5,9943.27,10012.7,9978.26,9952.47,10047.3,9994.2,10058.7,9962.34,9817.5,9957.43,10082.5,9897.35,10003.1,9929.91,10027.0,9933.76,10001.8,9959.24,10095.7,9874.73
12000,10072.8,10090.2,9894.58,9945.68,10012.4,10046.6,9949.81,9845.57,10055.0,10144.2,10034.5,10058.6,10055.4,9846.04,9962.29,9907.29,9973.18,10035.3,9921.98,9942.86,10185.7,9909.57,10159.3,10132.1,10028.6,10067.4,10066.0,9923.1,10012.2,10046.1,10012.1,10088.3,10314.3,9817.6,10016.5,9945.39,9902.73,10105.6,10048.1,10156.9,10039.4,10044.6,9839.18,9972.63,10082.3,9909.7,9969.59,10228.2,10086.6,10199.1,9965.48,9888.75,10001.5,9898.26,10046.9,9913.64,10073.1,10024.8,10018.0,10084.8,9967.5,9992.75,9940.91,10056.7,9962.03,9988.01,10193.0,9986.87,9875.3,10055.2,10072.7,9993.43,10026.2,10166.5,9953.08,10081.9,10149.3,9958.94,10065.3,10105.7,9936.88,10000.4,10010.7,9988.99,10097.2,9974.94,10091.9,9932.11,9809.41,9948.67,10063.0,9882.79,10039.6,9906.38,10018.4,9931.36,10021.8,9939.52,10110.4,9921.27
13000,10045.8,10103.1,9924.76,9904.26,9976.83,10034.1,9948.99,9834.76,10066.2,10147.2,10072.0,10008.2,10052.9,9843.41,9941.13,9888.69,9975.14,10031.0,9913.54,10003.2,10170.7,9911.96,10145.2,10120.5,10025.2,10084.8,10060.8,9907.7,10001.8,10064.0,10021.9,10084.8,10292.0,9813.7,9978.01,9966.69,9906.37,10104.7,10086.4,10166.5,10076.4,10029.5,9822.88,9945.89,10075.7,9897.15,9960.78,10197.8,10076.6,10180.1,9963.12,9910.48,10020.8,9862.76,9988.31,9833.49,10050.4,10046.7,10019.9,10039.8,9936.25,9946.54,9948.42,10064.6,9956.13,10075.8,10233.0,9991.35,9858.06,10074.6,10080.7,9991.21,9989.42,10206.0,9950.19,10081.1,10200.8,9964.72,10056.8,10177.2,9927.85,10004.7,10031.2,9933.16,10085.5,9995.13,10112.8,9881.42,9846.25,9963.6,10118.7,9902.82,10025.5,9897.02,10014.2,9891.1,10008.0,9916.25,10147.9,9957.54
14000,10016.4,10090.3,9936.16,9873.37,10002.1,10020.7,9914.92,9868.1,10082.4,10158.7,10117.4,10020.7,10037.5,9843.92,9963.97,9864.83,10008.8,9990.86,9943.57,9950.2,10260.4,9871.96,10059.7,10119.4,10025.9,10032.8,10093.1,9917.45,9965.58,10012.1,9988.76,10107.3,10280.2,9788.06,9981.33,9984.38,9886.68,10098.6,10116.6,10165.6,10085.5,10056.1,9814.15,9971.25,10133.6,9879.83,9942.2,10199.5,10067.4,10183.4,9975.18,9887.22,10064.3,9889.5,10067.4,9861.52,10036.9,10063.9,10035.1,10046.8,9932.64,9996.47,9922.85,10120.4,9962.42,10081.1,10246.1,9976.03,9856.13,10068.5,10048.9,9999.2,10017.2,10211.3,9929.37,10028.6,10188.4,9947.7,10052.8,10210.4,9922.07,10003.5,10017.4,9985.11,10060.6,9953.1,10127.3,9932.83,9878.28,9967.0,10115.4,9910.47,10070.9,9876.41,10038.2,9891.19,10016.1,9990.01,10149.2,9944.41
15000,9999.37,10115.4,9940.27,9864.92,10009.6,9984.68,9945.52,9859.36,10075.0,10189.0,9999.02,10027.3,10037.8,9909.32,9964.73,9869.3,10019.6,9989.79,9951.17,9944.35,10264.1,9874.61,10026.3,10182.5,10029.3,10096.7,10048.2,9909.22,9942.01,9990.08,10050.5,10058.1,10370.0,9782.61,10003.3,10022.9,9914.39,10117.2,10096.8,10178.3,10108.9,10048.6,9848.15,9996.68,10148.8,9853.35,9921.68,10217.6,10052.8,10173.5,9921.74,9905.55,10062.7,9900.77,10074.3,9859.48,10040.1,10060.1,10010.4,9999.03,9962.27,10002.5,10003.5,10155.2,9939.82,10083.4,10264.0,9989.57,9878.27,10044.4,10020.9,9992.07,10037.3,10243.9,9929.9,10030.8,10175.6,9991.56,10082.8,10206.8,9966.27,10004.1,9986.4,9987.55,10046.3,9911.37,10138.0,9930.47,9874.6,9977.71,10137.0,9937.81,10092.2,9848.2,9997.91,9925.07,10033.3,9936.68,10146.2,9950.76
16000,10017.6,10141.0,9955.78,9844.73,9992.07,9973.76,9928.1,9846.55,10077.2,10241.2,10072.7,10047.1,10024.6,9988.23,9934.77,9913.93,10009.2,9956.79,9947.33,9908.34,10242.5,9886.76,9992.73,10211.8,10038.1,10145.5,10036.1,9881.03,9983.78,9977.66,10033.1,10045.7,10333.0,9780.24,9999.78,10029.2,9935.63,10157.4,10094.7,10197.2,10112.1,10042.4,9853.34,9990.6,10121.1,9864.46,9895.09,10192.0,10028.8,10207.0,9982.26,9903.87,10107.3,9912.45,10108.7,9799.61,10011.2,10042.0,10045.2,10015.1,9973.52,10003.1,10011.0,10194.7,9908.17,10085.9,10273.9,10018.2,9845.46,10060.1,9989.92,10035.9,10022.8,10257.0,9895.18,10059.8,10164.9,10022.0,10083.9,10180.0,9926.92,9982.58,10008.1,9953.03,10082.6,9918.32,10176.1,9987.14,9914.35,9933.23,10148.6,9936.79,10079.4,9865.81,10012.1,9930.22,10022.0,9872.33,10131.7,9959.95
17000,9995.73,10129.1,9990.2,9877.88,9977.53,9922.63,9843.96,9838.12,10075.1,10226.4,10057.5,10021.6,10016.8,9916.87,9915.57,9942.22,9993.97,9984.84,9983.58,9929.7,10374.7,9886.8,9990.09,10258.6,10065.7,10076.0,10041.0,9863.03,9972.11,9971.51,10043.1,10064.7,10326.3,9796.81,10001.7,9892.1,9909.7,10170.0,10057.0,10162.9,10076.5,10070.9,9828.33,10026.2,10141.2,9792.35,9885.41,10242.2,10034.9,10183.8,9980.77,9937.56,10105.3,9943.28,10162.3,9812.7,10034.0,10017.1,10035.8,10020.7,9992.1,9941.35,10025.3,10185.2,9926.92,10096.6,10310.8,10006.4,9893.08,10005.7,9945.37,10035.4,10036.6,10290.0,9856.37,10100.3,10146.6,10020.6,10038.2,10146.3,9972.38,9927.02,10019.3,9951.27,10074.3,9879.56,10195.0,10028.9,9899.64,9911.76,10138.2,9979.5,10087.0,9841.81,9986.41,9987.03,10021.4,9897.16,10137.9,10014.5
18000,9946.2,10088.3,9979.23,9882.96,9956.08,9961.34,9848.38,9835.84,10061.4,10220.7,9982.26,9996.36,10041.8,9924.5,9926.17,9977.78,10027.2,9987.05,10026.8,9909.28,10329.0,9925.63,10020.4,10295.9,10050.5,10031.2,10045.7,9864.16,9946.62,9970.85,10015.6,10045.9,10264.2,9782.84,10013.1,9926.87,9905.15,10157.5,10036.2,10173.3,10086.5,10020.1,9796.17,10062.7,10171.3,9819.09,9844.05,10267.6,10055.8,10112.7,9965.11,9929.0,10125.4,9928.77,10196.9,9894.6,10033.7,10019.4,10041.5,10035.6,9995.8,9917.93,10070.5,10185.4,9938.95,10105.4,10350.7,10004.2,9906.83,9977.14,9971.85,9991.46,10014.6,10335.8,9772.1,10053.1,10154.8,9994.02,10073.6,10185.3,9988.43,9945.23,9993.67,9958.5,10085.0,9920.88,10190.0,10061.3,9874.38,9862.45,10156.2,10025.4,10064.1,9822.76,10002.5,9977.21,10038.2,9902.86,10136.5,10007.5
19000,9948.51,10103.0,9963.69,9904.7,9935.2,9980.92,9791.51,9825.51,10074.6,10238.7,10008.3,9983.05,10062.2,9920.65,9924.49,9999.27,10048.8,9963.39,10021.0,9904.89,10393.5,9975.38,10003.7,10289.8,10102.3,10018.6,10059.4,9853.26,9955.59,9969.98,9997.57,10057.8,10319.4,9805.6,9988.7,9917.3,9915.41,10180.7,10062.0,10171.8,10107.6,10077.0,9807.0,10071.9,10147.8,9811.93,9781.56,10274.0,10072.9,10073.2,9976.03,9908.66,10138.8,9934.94,10187.3,9887.35,9979.38,10034.3,10054.5,10101.5,9977.84,9921.96,10057.5,10264.2,9960.17,10032.2,10351.7,9992.12,9912.6,10013.1,9936.13,10032.3,9993.27,10217.9,9763.41,10040.4,10132.4,9957.67,10115.6,10149.1,10006.0,10009.6,9982.95,9999.97,10069.6,9932.29,10172.5,10038.7,9906.85,9920.6,10152.7,9960.46,10060.8,9796.13,10038.9,9966.33,10064.6,9957.46,10134.2,9967.11
20000,9971.81,10121.1,9961.0,9944.45,9893.76,10035.1,9809.98,9817.27,10092.6,10190.7,9948.45,9952.77,10107.6,9860.11,9921.7,10021.7,10053.8,9973.5,10067.4,9883.23,10378.8,9976.42,9959.8,10252.2,10075.6,10028.4,10047.0,9856.77,9948.44,9980.17,9993.6,10064.6,10362.8,9836.67,10002.3,9938.99,9925.72,10085.5,10027.3,10149.8,10065.7,10063.9,9829.37,10088.0,10158.6,9829.96,9797.71,10293.4,10046.0,10088.8,9925.25,9882.51,10135.8,9941.03,10210.1,9835.37,9910.07,10019.3,10076.9,10097.1,10019.4,9908.84,10056.9,10260.2,10004.0,10064.2,10382.1,9998.88,9891.2,10039.6,9948.83,10060.8,10007.2,10317.8,9753.3,10043.8,10072.3,9919.68,10109.2,10140.9,10009.9,10050.0,10015.5,10002.2,10066.4,9877.7,10164.0,10045.9,9948.66,9926.4,10144.9,10015.1,10005.6,9810.78,10031.3,9954.57,10026.4,9983.08,10120.8,9988.39
21000,9928.91,10197.1,9955.85,9956.23,9884.18,10004.5,9787.25,9831.95,10068.1,10210.6,9986.5,9972.29,10067.7,9890.95,9928.98,10062.8,10027.1,10031.4,10067.2,9887.45,10396.5,10002.9,9985.6,10276.2,10055.7,10073.5,10041.0,9851.83,9931.25,9982.01,9999.24,10074.2,10367.7,9773.32,9953.24,9974.09,9932.92,10087.7,9990.63,10116.0,10040.4,10063.4,9849.46,10118.1,10147.4,9828.39,9778.79,10324.8,10035.1,10063.1,9897.48,9890.01,10206.0,9975.7,10192.4,9887.24,9943.26,10019.2,10065.3,10076.5,10023.4,9870.17,10061.1,10260.1,10005.1,10056.5,10384.7,10052.8,9877.36,9999.96,9956.94,10073.8,10008.5,10310.9,9715.73,9982.07,10033.3,9868.86,10093.7,10146.0,10015.2,10043.5,10066.0,10045.5,10021.0,9865.21,10131.0,10038.3,9906.37,9932.01,10111.9,9901.94,9930.14,9804.62,10026.6,9925.37,10079.9,9941.98,10165.1,9989.01
22000,10000.7,10205.5,9951.52,9996.16,9845.31,9971.48,9761.12,9820.01,10068.3,10219.8,10005.2,9953.7,10049.6,9893.72,9951.45,10082.5,10040.1,10043.1,10060.0,9837.75,10401.4,10020.0,9985.01,10266.5,10058.2,10073.7,10007.0,9867.34,9922.9,9993.76,10033.6,10087.9,10370.4,9786.19,9971.29,9934.29,9927.37,10094.3,10023.6,10101.3,10033.1,10048.4,9892.35,10093.3,10129.0,9816.2,9737.98,10310.2,10006.2,10092.1,9889.69,9898.68,10193.9,9988.08,10223.7,9841.64,9970.81,10017.7,10067.0,10069.6,10052.4,9925.17,10060.8,10212.6,9967.26,10047.7,10417.3,9989.26,9911.13,9962.75,9983.86,10075.0,9995.45,10319.9,9729.23,9959.16,10026.0,9877.28,10103.8,10154.1,10025.6,10054.0,10082.0,10108.4,9975.01,9845.17,10119.8,10045.1,9871.36,9891.63,10080.5,9853.31,9904.9,9797.38,10041.8,9908.56,10106.7,9919.89,10207.9,9994.41
23000,10023.3,10147.6,9966.4,9971.76,9838.97,9973.32,9683.4,9806.63,10057.6,10203.1,9976.85,9972.07,10051.3,9900.85,9913.65,10078.6,10014.3,10022.2,10047.7,9788.25,10374.7,10034.6,10015.1,10281.6,10029.2,10091.3,9915.44,9839.78,9937.06,9944.93,10003.9,10037.0,10372.2,9769.04,9957.27,9931.04,9975.17,10097.7,10044.2,10095.8,10015.1,10052.7,9885.68,10124.2,10083.1,9854.81,9716.23,10303.1,10086.8,10090.5,9906.9,9921.65,10201.1,9982.3,10249.4,9810.33,10036.9,10015.3,10072.8,10056.4,10077.9,9911.38,10097.0,10236.3,9973.09,10043.0,10472.6,9998.03,9909.46,9993.95,9974.09,10079.3,9979.03,10346.9,9749.64,9954.39,9999.61,9866.88,10070.8,10153.5,10034.3,10070.7,10055.4,10102.5,10012.5,9847.24,10131.8,10070.5,9849.09,9934.61,10136.7,9828.52,9862.8,9827.44,10035.0,9901.95,10105.1,9874.63,10211.9,10055.3
24000,10025.6,10176.2,10010.2,9988.63,9847.29,9995.69,9691.85,9818.17,10031.8,10166.1,9957.34,9976.69,10042.0,9902.29,9919.63,10059.2,10055.3,9994.94,10026.1,9748.34,10331.6,10039.5,10043.0,10329.2,10011.9,10090.7,9892.49,9819.21,9933.77,9986.79,9938.47,10031.9,10385.6,9774.11,9949.73,9914.55,9991.75,10080.9,10048.9,10079.0,10014.9,9996.26,9881.58,10163.5,10096.9,9849.89,9650.23,10338.3,10053.2,10105.0,9921.12,9886.22,10150.6,9980.12,10254.4,9833.2,10012.9,10006.1,10111.4,9978.52,10055.1,9878.02,10105.9,10265.8,10025.5,9986.53,10515.0,9979.25,9910.05,10003.4,9968.99,10159.8,10046.0,10338.8,9691.07,9993.11,10081.1,9847.23,10074.5,10168.1,10067.2,10056.8,10089.8,10117.9,10018.0,9851.92,10166.5,10074.4,9908.26,9927.8,10196.1,9831.21,9880.12,9816.71,10053.1,9949.44,10138.2,9899.17,10203.2,10081.5
25000,10009.7,10163.6,10022.6,9978.79,9825.27,10031.7,9752.81,9808.49,9999.29,10150.2,9975.3,9970.13,10034.3,9907.54,9912.62,10068.4,10026.7,9998.39,10024.9,9735.42,10335.5,10031.6,10016.4,10383.9,10022.3,10056.1,9896.43,9827.02,9975.93,9966.55,10002.9,10053.0,10377.7,9764.71,9980.29,9907.58,10015.8,10059.2,10048.5,10087.8,9970.73,10024.1,9905.05,10202.6,10094.0,9864.34,9621.17,10324.8,10051.8,10108.3,9881.27,9906.09,10154.1,9979.55,10292.0,9869.8,9987.41,10013.0,10072.6,9983.72,10063.6,9881.93,10127.3,10283.1,9998.93,10006.3,10527.8,10005.3,9947.36,10032.0,9976.52,10201.1,10053.1,10322.9,9677.55,9994.28,10073.7,9842.94,10062.1,10163.7,10006.5,10059.4,10088.9,10207.8,10088.9,9867.43,10137.8,10010.3,9946.39,9907.67,10242.0,9830.3,9865.15,9832.74,10040.3,9940.28,10171.5,9882.33,10229.6,10067.9
26000,10041.1,10125.1,10004.1,10003.0,9826.53,9986.25,9724.87,9762.23,10001.3,10181.4,9973.59,9974.48,9996.83,9872.98,9879.4,10042.5,10006.1,9977.86,10055.9,9743.8,10339.7,10023.4,10008.4,10368.1,9955.18,10012.6,9836.29,9805.02,9996.11,10000.7,9979.93,10028.9,10385.8,9776.4,10004.3,9909.0,10008.1,10053.8,10039.6,10033.6,9887.43,10046.6,9907.07,10204.6,10102.8,9887.18,9622.7,10323.7,10009.0,10118.2,9836.48,9944.21,10197.5,9996.85,10400.7,9865.01,9944.37,9972.68,10036.1,9954.02,10067.1,9893.21,10101.7,10300.3,9973.0,10041.9,10509.9,10037.9,9944.97,10008.6,9972.74,10179.1,10069.7,10342.9,9669.56,10031.3,10054.6,9901.08,10018.3,10134.4,10030.1,10054.5,10091.3,10193.4,10100.4,9880.01,10138.1,9967.21,9983.09,9927.33,10253.3,9822.4,9882.58,9914.79,10028.6,9883.22,10226.3,9839.64,10260.5,10090.1
27000,9991.16,10098.8,10020.4,9998.24,9850.11,10018.5,9740.03,9773.62,9997.41,10192.9,9988.18,10032.2,9987.7,9897.08,9873.26,10036.6,9984.86,10029.4,10063.5,9707.42,10396.5,10002.5,9988.83,10400.6,10028.2,10019.0,9818.4,9776.5,9980.56,9957.41,9981.96,10045.5,10378.8,9783.8,10031.5,9887.68,10000.7,10021.3,10046.4,10049.0,9877.94,10065.8,9923.91,10201.0,10120.2,9941.14,9661.24,10388.1,10043.3,10135.8,9832.63,9969.92,10190.1,10039.1,10433.7,9854.13,9935.82,10011.5,10068.2,9931.68,10093.8,9892.58,10088.4,10270.3,9969.59,10067.2,10495.8,10036.3,9944.86,10007.6,9973.22,10139.7,10044.2,10364.2,9660.59,10016.8,10045.1,9864.65,10017.7,10106.3,10012.0,10056.8,10154.3,10184.3,10066.5,9888.43,10134.6,9973.67,10003.3,9943.22,10264.8,9812.4,9831.57,9914.8,10038.4,9857.14,10262.1,9832.4,10283.4,10020.5
28000,9994.18,10071.2,10067.4,9977.37,9837.63,10079.1,9715.24,9778.89,10013.9,10192.4,9985.02,10037.5,9942.28,9857.2,9910.34,10042.2,9928.45,9942.12,10020.5,9690.41,10378.6,10000.4,9963.23,10395.1,10023.0,9989.27,9815.79,9785.07,9930.87,9930.44,10035.2,10028.3,10372.2,9805.69,10057.9,9868.93,10033.8,10028.1,10032.5,9965.54,9918.63,10061.7,9910.88,10186.1,10106.9,9915.73,9725.32,10393.9,10050.8,10152.6,9795.32,9987.23,10205.6,10041.8,10434.3,9883.23,9978.91,9945.92,10057.3,9912.22,10091.2,9888.78,10046.9,10228.0,9965.87,10053.4,10472.4,10052.2,9979.42,10002.5,9983.25,10179.8,10064.2,10369.0,9693.37,10021.0,10070.0,9972.66,10021.0,10098.3,10006.6,10080.4,10094.5,10156.2,10052.3,9895.55,10210.3,9967.51,10032.6,9909.26,10222.8,9813.08,9755.75,9901.73,10035.7,9801.49,10256.6,9819.47,10253.9,10084.6
29000,9996.69,10099.7,10092.0,9925.08,9820.7,10073.6,9689.06,9748.83,10005.4,10196.9,9960.8,9979.72,9926.58,9843.33,9889.64,10070.7,9895.97,9935.09,9957.88,9623.6,10393.9,10014.2,9960.57,10383.7,10010.6,9976.9,9792.5,9792.24,9916.26,10008.8,10096.8,10047.6,10393.1,9809.74,10075.0,9865.63,10051.3,10039.6,10037.0,10013.4,9939.19,10061.7,9901.49,10213.9,10113.9,9937.99,9690.95,10395.9,10051.3,10139.8,9796.53,9966.1,10210.7,10052.8,10456.8,9833.82,10001.6,9921.94,10045.4,9893.6,10134.4,9842.64,10018.7,10214.2,9969.52,10045.9,10470.2,10019.8,9988.65,10063.6,9996.32,10200.0,10087.4,10326.1,9730.15,10005.2,10075.7,9978.11,10077.7,10080.2,9993.57,10086.8,10045.2,10155.5,10046.4,9864.38,10273.7,9934.96,10043.2,9878.42,10238.1,9792.86,9790.87,9929.83,10028.5,9774.33,10281.9,9797.32,10257.6,10109.5
30000,9981.2,10094.5,10089.0,9939.45,9843.96,10090.4,9695.61,9785.88,10021.6,10195.0,9961.73,9997.35,9916.97,9821.12,9901.72,10099.4,9899.94,9955.75,10036.7,9612.33,10400.3,10051.6,9986.1,10402.3,10027.3,9959.97,9773.54,9801.94,9903.64,10017.2,10105.6,10014.1,10336.8,9759.08,10072.7,9839.63,10062.2,10041.3,10051.5,10033.4,9873.71,10060.2,9983.99,10198.5,10111.9,9977.33,9681.35,10412.7,10082.8,10125.8,9792.61,9960.98,10273.0,10036.4,10428.0,9810.4,9964.11,9904.75,10019.8,9945.04,10155.9,9817.72,10030.0,10214.0,9932.76,10054.1,10446.2,10027.5,10005.4,10025.5,10025.9,10196.9,10061.5,10342.3,9732.89,9976.71,10082.2,9976.8,10056.4,10075.5,9983.42,10113.4,10054.2,10157.8,10080.9,9875.88,10277.7,9978.1,10053.5,9904.5,10273.0,9728.65,9747.8,9951.09,9984.51,9774.15,10289.1,9800.07,10270.7,10084.0
31000,9928.1,10111.0,10128.2,9962.0,9887.23,10113.2,9703.43,9808.27,10110.1,10139.7,9933.88,9963.05,9897.55,9811.78,9859.78,10111.7,9895.13,9949.65,10023.3,9610.8,10379.4,10081.4,10008.4,10420.5,10004.5,9964.67,9774.95,9921.24,9874.66,10030.0,10099.2,9982.72,10320.3,9734.94,10098.0,9840.04,10091.6,10002.1,10083.6,10019.2,9828.15,10075.3,9960.85,10138.7,10106.4,10001.3,9712.47,10426.2,10056.8,10226.3,9808.61,9982.22,10265.9,10098.5,10412.1,9808.3,10013.8,9916.37,10024.9,9978.38,10148.9,9777.71,10084.4,10165.4,9911.68,9978.31,10417.9,10049.9,9979.45,10006.9,10040.2,10165.8,10059.8,10360.7,9693.14,9971.48,10049.3,9980.48,10017.9,10038.8,10042.2,10105.6,10049.0,10163.2,10055.2,9899.27,10281.9,10034.8,10070.1,9861.95,10294.2,9743.01,9736.56,9941.67,9983.5,9816.0,10278.4,9787.31,10256.3,10064.0
32000,9868.17,10089.1,10165.7,9965.49,9860.9,10133.3,9725.79,9809.38,10097.2,10134.3,9992.1,9975.05,9939.76,9808.19,9873.03,10109.6,9866.27,9969.18,9992.46,9645.45,10362.7,10058.5,9990.88,10406.9,10039.3,9990.64,9807.47,9892.8,9877.22,10008.0,10122.5,9977.24,10357.7,9730.28,10101.5,9906.12,10110.9,9975.45,10071.0,10094.1,9831.87,10077.6,9951.27,10149.3,10104.5,10017.8,9686.59,10453.9,10099.6,10233.3,9846.91,9947.52,10263.4,10080.7,10362.7,9800.34,10025.7,9953.52,10079.9,9969.05,10160.1,9749.06,10083.9,10154.6,9846.27,9964.44,10410.2,10038.2,9959.19,10022.5,10062.0,10192.7,10081.6,10391.8,9732.05,9953.19,10030.1,10024.7,9966.34,10073.8,10081.6,10104.5,10034.3,10170.7,10029.8,9922.12,10235.4,10043.7,10070.9,9794.66,10317.7,9756.76,9731.17,9936.68,10024.4,9824.27,10287.4,9793.47,10271.5,10037.5
33000,9886.78,10084.0,10128.2,9979.61,9846.36,10134.0,9710.38,9853.73,10074.8,10206.7,9949.22,9975.11,9925.95,9825.04,9886.4,10140.3,9878.26,9926.2,9993.14,9644.72,10382.1,10023.3,10023.8,10392.5,9997.97,10003.3,9805.0,9921.51,9875.04,10002.1,10121.0,10001.7,10337.5,9754.38,10171.2,9892.89,10097.2,9946.5,10136.9,10074.6,9824.76,10075.5,9952.22,10113.8,10115.0,9992.52,9699.95,10384.8,10093.4,10228.9,9864.92,9921.91,10279.2,10014.4,10362.9,9794.31,10045.4,9959.56,10107.8,10009.0,10175.2,9782.58,10104.0,10141.9,9879.32,9974.65,10409.0,10079.3,9973.04,10036.2,10033.5,10227.4,10056.8,10389.2,9830.57,9927.05,10071.9,10006.5,10014.4,10067.0,10071.1,10106.7,10026.6,10236.5,10045.2,9930.02,10212.3,10045.6,10066.8,9880.45,10311.5,9813.07,9662.08,9936.76,10013.9,9847.16,10286.5,9741.64,10311.6,10023.8
34000,9860.29,10091.9,10148.3,9989.68,9867.9,10169.1,9652.94,9867.47,10058.9,10194.2,9959.31,9943.06,9941.03,9811.15,9862.59,10151.7,9870.73,9868.06,9978.84,9612.29,10367.4,10035.4,10001.9,10396.4,9982.15,10024.8,9787.93,9958.2,9841.18,9976.99,10068.8,10052.2,10334.0,9782.17,10200.5,9890.89,10103.4,9950.28,10099.7,10104.6,9830.69,10069.1,9968.98,10110.8,10108.8,9934.24,9683.82,10382.7,10127.5,10194.9,9889.92,9938.71,10266.0,10004.4,10344.2,9771.26,10070.7,9963.75,10075.0,10002.4,10150.9,9776.75,10143.3,10145.1,9899.73,9987.8,10429.7,10043.9,9994.93,10077.5,10114.8,10215.1,10061.4,10373.8,9817.11,9911.63,10075.3,10030.6,9996.02,10015.2,10027.9,10123.6,10077.6,10280.5,10051.2,9936.71,10201.7,10075.8,10101.7,9944.53,10265.2,9825.81,9674.64,9939.7,10010.8,9844.21,10255.6,9776.12,10324.6,10050.2
35000,9859.61,10098.7,10155.5,9986.68,9897.42,10189.6,9631.69,9888.63,10068.4,10214.5,9954.16,9943.53,9969.9,9769.54,9860.07,10097.6,9862.0,9842.63,9975.65,9613.18,10390.3,10023.2,9965.95,10336.6,10030.6,10036.1,9756.5,9968.77,9902.3,10006.8,10065.3,10120.9,10290.6,9788.32,10223.3,9864.18,10128.1,9952.1,10153.9,10117.7,9836.85,10073.3,9984.62,10083.7,10171.7,9896.46,9643.64,10394.4,10098.0,10215.1,9871.84,9884.13,10282.4,9953.53,10329.5,9736.52,10058.2,9948.64,10088.8,10050.7,10130.5,9799.72,10132.0,10177.3,9870.34,10009.2,10361.9,9993.46,9994.89,10124.7,10090.5,10238.2,10078.4,10391.9,9821.13,9934.61,10060.3,10027.6,10047.1,10033.7,10033.4,10130.9,10067.3,10282.2,10055.1,9949.23,10192.9,10090.2,10092.3,9984.69,10241.1,9804.55,9672.47,9954.31,10012.4,9838.71,10162.5,9800.39,10278.7,10049.5
36000,9876.26,10127.5,10120.1,10004.8,9865.12,10214.1,9642.14,9877.49,10065.5,10228.4,9919.01,9894.1,9943.79,9761.1,9840.81,10093.9,9892.18,9815.81,10008.8,9675.64,10389.2,10028.7,9991.49,10326.4,10053.0,10018.9,9780.54,9983.09,9919.15,10024.7,10060.5,10210.2,10288.2,9712.54,10206.3,9907.51,10147.9,9957.21,10189.6,10118.7,9830.57,10061.4,10046.4,10058.1,10203.1,9873.51,9735.24,10410.8,10077.1,10204.0,9892.29,9954.08,10296.9,9955.42,10282.4,9723.24,10065.2,9968.43,10107.7,10037.9,10173.5,9832.94,10169.3,10202.1,9896.24,10023.5,10384.4,9978.0,9980.32,10147.6,10062.6,10261.1,10071.6,10396.2,9828.63,9911.01,10034.5,10014.1,10080.8,10034.6,10082.7,10122.7,10097.6,10221.3,10045.9,9938.17,10184.1,10066.6,10085.7,9976.7,10282.5,9827.73,9710.98,9968.44,10001.0,9839.09,10095.8,9771.22,10262.5,10032.3
37000,9868.44,10131.5,10172.5,10031.6,9853.13,10239.4,9621.82,9859.69,10038.3,10241.3,9921.21,9892.57,9941.62,9759.82,9850.39,10070.5,9880.24,9787.36,9988.95,9661.57,10410.2,10016.4,9979.04,10338.2,10017.8,9953.89,9762.33,10008.4,9947.93,10064.3,10062.6,10217.0,10270.7,9727.8,10193.4,9906.34,10118.6,9959.9,10117.5,10092.6,9814.85,10084.2,10086.9,10070.8,10237.1,9883.06,9759.39,10429.4,10027.5,10192.7,9857.06,9973.69,10296.8,9946.11,10242.9,9704.56,10064.5,9928.02,10109.7,10034.9,10164.4,9815.83,10263.4,10203.2,9919.61,10048.5,10355.4,9986.92,9944.44,10055.5,10063.2,10293.8,10062.4,10434.6,9741.26,9917.49,10059.5,10004.8,10101.5,10092.3,10074.8,10163.3,10169.5,10213.4,10022.3,9947.97,10168.5,10052.0,10097.3,9978.49,10331.9,9780.06,9708.38,9926.61,10031.9,9847.56,10110.4,9751.26,10298.8,10044.0
38000,9890.43,10140.0,10137.7,10008.4,9871.4,10287.7,9609.14,9892.24,10015.9,10212.1,9903.71,9902.4,9958.23,9740.47,9873.45,10090.0,9868.43,9789.34,9951.32,9638.18,10388.3,10017.8,10088.3,10310.9,10033.8,9962.74,9784.3,9995.57,9991.47,10085.8,10084.5,10209.9,10279.6,9708.83,10152.6,9894.7,10142.7,9965.2,10099.1,10104.1,9758.44,10086.7,10047.8,10100.6,10212.1,9929.68,9739.05,10387.9,10005.1,10144.7,9828.64,10020.7,10318.0,10003.2,10250.6,9674.82,10055.1,9897.27,10134.9,10038.0,10170.2,9803.4,10234.9,10234.7,9926.58,10061.7,10365.3,9976.35,9936.77,10048.4,10100.6,10353.2,10079.8,10436.5,9758.8,9921.66,10059.5,10027.8,10110.2,10073.3,10102.9,10120.3,10175.8,10205.0,9981.9,9922.45,10161.6,10048.3,10122.9,10014.3,10285.3,9797.26,9694.55,9943.78,10062.3,9833.65,10066.9,9759.09,10292.7,10084.6
39000,9876.96,10195.8,10166.5,10047.8,9845.31,10310.8,9626.54,9864.88,10035.4,10214.6,9897.78,9887.97,9959.97,9714.19,9874.0,10092.7,9855.88,9776.75,9984.56,9646.47,10366.6,10021.1,10081.2,10320.3,10054.1,9960.46,9781.55,9970.23,9991.53,10084.7,10132.3,10212.7,10219.3,9704.53,10172.5,9890.77,10164.6,9991.52,10145.7,10174.3,9741.52,10037.0,10037.9,10138.4,10149.6,9953.44,9693.13,10386.3,10018.2,10140.1,9815.29,9995.01,10329.4,9990.69,10247.2,9601.33,10044.6,9911.14,10126.9,10041.2,10161.2,9811.24,10185.9,10257.1,9881.91,10080.6,10307.5,9892.86,9923.88,10059.2,10085.2,10390.6,10038.9,10481.8,9761.78,9934.21,10057.1,10043.4,10108.7,10053.9,10119.7,10164.8,10153.5,10228.4,9895.47,9907.77,10185.5,10050.3,10143.1,10065.3,10325.6,9842.13,9710.28,9937.68,10066.5,9832.68,10064.2,9745.13,10296.8,10058.7
40000,9866.7,10188.9,10161.4,10066.8,9835.82,10287.2,9635.29,9872.84,10019.1,10214.7,9900.36,9898.18,9937.57,9725.88,9950.05,10106.1,9829.5,9775.57,9985.64,9671.31,10352.3,10056.7,10115.7,10373.0,10038.1,9927.36,9775.22,9944.78,9963.23,10110.4,10150.4,10197.3,10271.2,9726.98,10175.0,9881.24,10159.5,10012.7,10198.8,10170.1,9733.29,10060.5,10054.7,10163.3,10157.2,9981.57,9723.95,10349.6,10009.0,10139.5,9813.45,9998.39,10330.7,9978.94,10250.0,9593.7,10047.1,9896.79,10108.6,10045.9,10156.4,9797.18,10194.1,10269.6,9857.71,10048.2,10240.8,9940.07,9907.61,10054.4,10119.2,10399.8,10072.7,10412.3,9749.54,9987.06,10085.3,10028.7,10090.5,10080.0,10117.7,10164.1,10181.9,10230.1,9886.46,9921.74,10123.4,10077.8,10125.3,10062.6,10359.3,9848.72,9796.42,9941.15,10055.5,9830.74,10037.6,9746.88,10283.6,10042.6
41000,9822.62,10203.9,10168.9,10042.6,9837.4,10306.7,9550.0,9816.6,10044.5,10219.1,9902.86,9907.13,9875.66,9723.92,9990.16,10093.4,9861.56,9745.93,9933.48,9711.1,10363.6,10086.9,10117.2,10370.1,10025.7,9961.42,9813.27,9974.54,9955.3,10128.1,10108.0,10190.9,10263.9,9730.17,10180.3,9880.45,10154.3,9988.92,10217.7,10157.9,9706.91,10054.9,10092.2,10117.6,10146.0,10026.7,9739.52,10394.9,10040.4,10100.7,9821.39,9983.64,10347.9,9997.31,10228.2,9566.49,10039.4,9883.87,10099.7,10014.9,10187.0,9764.91,10255.5,10309.1,9882.84,10054.7,10263.8,9857.24,9906.63,10091.7,10045.0,10412.7,10001.7,10437.2,9730.2,10008.6,10116.4,10026.2,10117.4,10083.9,10172.6,10173.9,10191.3,10215.9,9884.1,9953.07,10119.2,10068.6,10144.3,10003.0,10409.2,9827.3,9836.46,9940.4,10109.7,9809.18,10048.7,9724.46,10297.3,10061.9
42000,9818.85,10170.7,10146.6,10066.2,9789.02,10298.6,9574.92,9847.27,10033.7,10174.6,9866.64,9892.69,9855.06,9706.57,10008.4,10101.5,9869.6,9815.95,10037.2,9710.81,10371.7,10041.8,10128.6,10408.7,10033.5,9957.37,9790.97,9931.22,9959.74,10113.4,10079.3,10220.1,10239.2,9749.55,10144.7,9853.69,10158.2,9982.81,10243.1,10160.2,9691.21,10100.8,10126.1,10066.5,10112.7,10038.9,9721.04,10358.0,10019.2,10086.2,9860.12,9955.76,10378.5,10014.1,10238.1,9509.05,10001.3,9888.15,10111.2,10025.6,10226.6,9765.79,10249.8,10265.9,9861.37,10094.8,10252.7,9807.56,9892.26,10114.1,10016.4,10409.1,10022.8,10432.2,9741.71,9991.64,10018.4,10071.2,10125.0,10088.1,10202.8,10139.6,10190.0,10202.6,9871.86,9951.64,10091.7,10007.9,10183.6,9908.42,10424.8,9823.92,9851.79,9978.75,10082.1,9802.1,10052.9,9778.64,10282.6,10043.5
43000,9828.28,10191.9,10159.0,10049.1,9783.19,10323.4,9583.08,9841.46,10026.3,10109.4,9875.13,9907.61,9853.87,9735.78,10010.5,10104.4,9838.2,9863.42,10095.0,9711.76,10368.4,10014.6,10135.7,10379.5,9998.91,9982.84,9780.65,9929.3,9979.47,10096.1,10061.6,10155.9,10254.3,9735.68,10137.8,9856.36,10185.1,9973.55,10282.4,10169.4,9673.42,10091.5,10123.6,10052.0,10034.1,10048.9,9711.85,10345.9,9975.46,10081.4,9879.0,9910.02,10353.2,10014.3,10254.7,9464.7,10007.0,9892.13,10143.9,10028.6,10247.1,9760.33,10206.7,10232.8,9818.24,10106.7,10230.5,9773.7,9880.23,10129.0,10039.1,10449.8,10041.0,10464.8,9756.7,9975.77,9993.07,10063.8,10177.7,10084.6,10229.5,10166.1,10180.8,10231.7,9877.17,9938.79,10076.0,10035.4,10170.9,9950.86,10438.3,9838.84,9858.06,9982.42,10101.3,9826.26,10030.5,9824.83,10238.7,10047.8
44000,9812.76,10167.9,10182.1,10082.1,9784.03,10385.9,9570.91,9846.46,10013.8,10094.8,9894.71,9860.74,9843.98,9723.28,10010.0,10097.8,9814.13,9861.6,10117.5,9616.45,10365.3,10008.6,10143.4,10399.2,9993.55,9961.13,9771.03,9922.65,9976.51,10121.0,10070.9,10157.8,10189.8,9763.34,10164.6,9863.2,10182.7,9963.66,10274.1,10162.7,9655.14,10163.8,10092.4,10078.4,10021.8,10046.2,9719.37,10368.3,9939.79,10024.6,9874.5,9870.26,10374.0,10000.4,10299.0,9476.31,10019.6,9886.29,10114.6,10022.0,10217.5,9795.75,10199.3,10212.4,9809.87,10063.0,10254.3,9807.75,9884.2,10142.0,10032.3,10464.5,10027.6,10492.1,9776.18,9973.69,10009.8,10087.1,10198.8,10053.4,10251.0,10111.4,10158.3,10258.8,9915.64,9976.35,10082.7,10050.6,10152.8,9984.88,10434.8,9789.23,9887.88,9989.36,10103.1,9849.12,9985.82,9839.74,10246.6,10078.4
45000,9773.09,10094.9,10220.7,10065.6,9790.61,10366.8,9577.91,9823.83,10023.5,10083.6,9906.46,9891.9,9798.11,9740.92,9990.34,10113.2,9795.41,9839.82,10047.9,9594.09,10438.2,10002.7,10122.6,10460.5,10071.9,9947.05,9745.18,9940.2,9969.82,10077.2,10075.8,10132.4,10253.7,9677.45,10153.4,9873.52,10180.1,9929.45,10267.0,10186.8,9661.1,10190.5,10043.9,10087.2,10009.1,10042.3,9770.12,10410.0,9948.47,10024.2,9868.34,9867.08,10415.4,10062.9,10258.5,9510.39,10039.4,9902.7,10100.2,10031.9,10199.6,9791.11,10223.6,10216.3,9824.2,10068.0,10247.5,9800.17,9841.46,10096.2,10012.5,10414.6,10085.2,10482.7,9777.3,10031.8,9994.44,10129.6,10188.6,10039.0,10240.2,10078.5,10156.6,10195.0,9911.5,9991.87,10089.8,10040.5,10204.7,10031.5,10421.3,9808.98,9759.81,9993.38,10128.8,9839.31,10036.7,9837.08,10245.4,10010.8
46000,9762.75,10111.3,10164.8,10075.6,9865.94,10370.1,9622.55,9896.35,10018.5,10107.4,9895.77,9857.68,9829.88,9702.0,10026.9,10084.4,9787.0,9813.25,10029.0,9551.39,10476.7,10026.1,10085.7,10467.4,10069.2,9950.86,9753.84,9960.53,9972.13,10078.1,10108.9,10096.3,10302.8,9680.48,10152.4,9853.52,10197.2,9884.06,10264.2,10179.3,9658.08,10229.6,10068.1,10079.5,10037.1,10059.0,9796.22,10395.5,9960.41,10044.6,9863.39,9857.14,10457.7,10069.1,10238.9,9554.58,10021.8,9915.51,10077.6,10016.5,10172.6,9799.92,10250.2,10240.3,9843.67,10087.6,10223.3,9825.86,9824.21,10128.6,10040.9,10405.4,9957.42,10512.7,9791.55,9995.0,10026.3,10131.5,10171.0,10024.4,10233.1,10113.9,10212.8,10224.7,9906.69,9980.99,10109.9,10023.3,10183.6,10006.7,10459.6,9766.58,9844.59,9950.3,10123.8,9812.39,10061.0,9839.75,10155.9,10019.1
47000,9763.37,10093.1,10171.4,10100.0,9876.96,10465.0,9611.48,9869.78,10046.1,10123.0,9898.76,9862.3,9826.98,9672.68,10032.3,10107.1,9770.92,9839.51,10000.5,9546.23,10455.1,9997.73,10069.5,10552.3,10050.7,9952.62,9771.42,9975.59,9923.87,10093.1,10165.5,10105.1,10281.1,9615.16,10190.7,9822.28,10206.3,9913.27,10279.6,10195.3,9691.9,10201.4,10092.4,10101.1,10020.3,10053.1,9823.29,10356.3,9942.52,10051.9,9850.88,9847.05,10461.1,10053.0,10273.8,9584.89,9993.99,9908.87,10067.1,10027.0,10169.4,9756.34,10273.7,10223.0,9857.24,10117.3,10198.7,9807.18,9811.94,10099.8,10017.0,10407.4,9924.2,10523.4,9804.28,9997.2,10024.8,10145.8,10184.5,10019.7,10237.7,10107.4,10112.1,10194.2,9884.25,9973.26,10119.1,10026.3,10196.0,9976.04,10452.6,9743.34,9875.67,9974.11,10081.9,9787.28,10060.7,9872.04,10074.1,10039.4
48000,9723.15,10113.1,10150.2,10079.6,9846.34,10366.6,9593.34,9788.26,10044.8,10160.7,9932.51,9901.31,9902.24,9588.8,10023.2,10080.2,9732.33,9765.71,9994.46,9531.83,10425.9,10014.4,10082.4,10573.5,10051.2,9965.32,9780.98,9871.02,9901.47,10064.5,10154.7,10131.5,10259.0,9662.99,10191.8,9811.9,10207.9,9935.34,10298.4,10228.8,9670.08,10233.3,10097.7,10095.0,10005.6,10085.7,9822.1,10301.5,9913.33,10041.6,9818.45,9857.2,10434.6,10029.2,10315.5,9573.03,10032.8,9893.82,10065.0,10060.3,10180.7,9775.17,10290.3,10238.3,9884.64,10130.0,10224.2,9825.62,9796.08,10134.6,10049.1,10436.9,9960.22,10488.7,9835.86,10041.3,10033.6,10126.4,10224.3,10039.1,10238.6,10117.3,10093.7,10154.7,9895.23,9981.41,10110.3,10008.8,10225.5,9963.71,10461.6,9704.56,9887.48,9945.56,10092.0,9803.55,10067.0,9875.74,10066.2,10036.6
49000,9738.79,10074.0,10155.6,10070.1,9847.71,10383.3,9567.43,9808.59,9989.28,10169.1,9918.13,9900.54,9940.99,9621.55,10056.1,10037.0,9722.57,9737.07,10019.8,9578.73,10438.0,9990.1,10058.3,10540.3,10056.2,9973.82,9740.7,9811.06,9885.46,10047.3,10127.6,10145.9,10232.7,9695.52,10218.3,9837.22,10217.8,9949.15,10294.5,10219.5,9668.43,10225.2,10123.9,10088.2,9984.8,10062.6,9814.22,10280.8,9897.41,10074.6,9808.01,9842.33,10462.0,10041.9,10351.0,9586.22,10019.9,9883.82,10094.8,9937.21,10194.8,9769.82,10305.5,10266.9,9894.95,10088.9,10295.9,9850.75,9757.02,10099.1,10060.4,10380.3,9975.85,10495.1,9833.21,10053.5,10040.6,10148.8,10279.5,9996.89,10220.7,10107.4,10109.6,10135.8,9917.22,9949.79,10171.5,10008.9,10275.7,9963.77,10395.2,9701.22,9876.83,9903.59,10122.0,9749.9,10065.2,9952.9,10066.5,10036.0
50000,9768.05,10140.0,10149.5,10065.3,9842.54,10408.3,9553.52,9778.16,9986.09,10189.9,9879.49,9891.95,9907.62,9642.38,10058.9,10000.7,9710.28,9748.05,10025.1,9635.87,10391.9,9937.65,10069.6,10569.7,10006.6,9953.81,9768.33,9781.31,9863.11,10031.9,10179.8,10167.2,10243.0,9645.17,10214.6,9850.83,10243.0,9961.69,10244.1,10200.7,9725.08,10215.1,10115.0,10107.7,10011.0,10032.2,9854.3,10263.4,9910.04,10096.8,9801.91,9873.35,10523.0,10053.7,10325.2,9555.42,10051.2,9898.34,10079.4,9903.98,10188.9,9776.78,10323.4,10239.0,9881.23,10119.7,10216.0,9757.07,9796.61,10190.0,10036.2,10383.8,9983.45,10477.5,9784.52,10150.2,10050.6,10171.5,10294.0,9993.54,10248.5,10131.8,10063.4,10104.6,9905.91,9971.59,10185.0,10013.6,10249.0,9929.9,10443.7,9706.25,9829.07,9847.33,10117.0,9757.05,10077.7,9958.79,10120.4,10036.4
